<?xml version="1.0" encoding="utf-8"?>
<courseStructure xmlns="https://w3id.org/xapi/profiles/cmi5/v1/CourseStructure.xsd">
  <course id="http://course-repository.example.edu/identifiers/courses/02baafcf">
    <title>
      <langstring lang="en-US">Introduction to Geology</langstring>
    </title>
    <description>
      <langstring lang="en-US">
        This course will introduce you into the basics of geology. This includes subjects such as
        plate tectonics, geological materials and the history of the Earth.
      </langstring>
    </description>
  </course>
  <au id="http://course-repository.example.edu/identifiers/courses/02baafcf/aus/4c07">
    <title>
      <langstring lang="en-US">Introduction to Geology</langstring>
    </title>
    <description>
      <langstring lang="en-US">
        This course will introduce you into the basics of geology. This includes subjects such as
        plate tectonics, geological materials and the history of the Earth.
      </langstring>
    </description>
    <url>./index.html</url>
  </au>
</courseStructure>